Team,Timestamp,Longitude,Latitude,Height,Temperature,Temp_from_pressure,Humidity,Pressure,AccelX,AccelY,AccelZ,CompassMag,CompassX,CompassY,CompassZ,Pitch,Roll,Yaw
LionTech,2024-04-28 07:05:09.128891,176.277101,-48.400511,424087.185,33.178,31.1,29.955,993.073,0.018,0.033,0.012,359.549,20.082,0.719,-8.088,333.21,69.77,359.11
LionTech,2024-04-28 07:05:09.314113,176.293122,-48.396153,424085.63,32.911,31.108,29.662,993.058,0.018,0.033,0.015,358.68,32.677,0.716,-13.22,333.21,69.7,358.26
LionTech,2024-04-28 07:05:09.381268,176.299067,-48.394535,424085.052,33.32,31.106,30.87,993.053,0.019,0.032,0.013,357.85,37.984,0.859,-15.284,333.13,69.61,357.45
LionTech,2024-04-28 07:05:09.464289,176.30606,-48.392631,424084.373,33.071,31.1,30.469,993.059,0.019,0.034,0.015,357.065,39.922,0.96,-15.728,333.14,69.47,356.69
LionTech,2024-04-28 07:05:09.538193,176.312492,-48.390879,424083.747,32.787,31.104,29.301,993.061,0.018,0.032,0.011,356.315,40.58,0.89,-16.374,333.09,69.4,355.95
LionTech,2024-04-28 07:05:09.605993,176.318298,-48.389298,424083.183,33.267,31.106,30.684,993.066,0.019,0.031,0.012,355.588,41.31,0.88,-16.412,333.02,69.35,355.24
LionTech,2024-04-28 07:05:09.672815,176.324132,-48.387708,424082.616,32.84,31.104,29.634,993.065,0.019,0.032,0.013,354.905,41.397,0.935,-16.082,332.98,69.25,354.58
LionTech,2024-04-28 07:05:09.741329,176.330021,-48.386103,424082.043,32.84,31.104,29.634,993.071,0.019,0.035,0.015,354.243,41.396,0.874,-16.801,332.97,69.24,353.91
LionTech,2024-04-28 07:05:09.808792,176.335728,-48.384547,424081.487,32.911,31.112,29.937,993.078,0.019,0.033,0.015,353.587,41.455,1.175,-17.011,332.93,69.25,353.27
LionTech,2024-04-28 07:05:09.881959,176.342246,-48.38277,424080.853,33.178,31.098,30.65,993.08,0.02,0.032,0.012,352.951,41.442,1.016,-16.883,332.9,69.19,352.64
LionTech,2024-04-28 07:05:09.951698,176.3482,-48.381146,424080.273,32.858,31.102,29.989,993.082,0.02,0.033,0.013,352.343,41.235,1.125,-16.732,332.86,69.13,352.05
LionTech,2024-04-28 07:05:10.024054,176.354454,-48.379439,424079.664,33.178,31.106,29.824,993.085,0.019,0.033,0.012,351.767,41.527,1.182,-16.526,332.87,69.07,351.49
LionTech,2024-04-28 07:05:10.093282,176.360435,-48.377807,424079.081,33.533,31.104,29.738,993.08,0.019,0.034,0.013,351.231,41.681,0.91,-16.411,332.85,69.08,350.98
LionTech,2024-04-28 07:05:10.165850,176.366482,-48.376156,424078.491,32.858,31.112,29.955,993.094,0.019,0.033,0.016,350.72,41.882,0.971,-16.622,332.87,68.93,350.47
LionTech,2024-04-28 07:05:10.236368,176.372609,-48.374482,424077.894,33.196,31.108,29.882,993.09,0.019,0.034,0.013,350.227,41.95,0.898,-16.502,332.86,68.92,349.99
LionTech,2024-04-28 07:05:10.311252,176.378977,-48.372743,424077.273,32.84,31.102,29.827,993.084,0.019,0.032,0.015,349.764,41.769,0.968,-16.166,332.86,68.8,349.54
LionTech,2024-04-28 07:05:10.379396,176.385036,-48.371087,424076.681,32.929,31.104,29.148,993.088,0.019,0.034,0.013,349.322,41.852,1.04,-16.365,332.85,68.75,349.11
LionTech,2024-04-28 07:05:10.452218,176.391354,-48.36936,424076.065,32.929,31.108,29.148,993.096,0.018,0.033,0.012,348.885,41.868,1.085,-16.716,332.84,68.72,348.67
LionTech,2024-04-28 07:05:10.520134,176.397073,-48.367797,424075.506,33.036,31.104,28.444,993.103,0.02,0.033,0.013,348.453,41.814,1.189,-16.716,332.78,68.78,348.24
LionTech,2024-04-28 07:05:10.588670,176.403042,-48.366164,424074.923,32.964,31.104,29.753,993.105,0.019,0.032,0.012,348.04,41.397,1.355,-16.209,332.77,68.77,347.85
LionTech,2024-04-28 07:05:10.661258,176.409067,-48.364516,424074.335,33.178,31.106,30.001,993.109,0.019,0.033,0.013,347.648,41.71,1.156,-16.77,332.74,68.75,347.45
LionTech,2024-04-28 07:05:10.731388,176.415236,-48.362828,424073.732,32.804,31.104,29.659,993.107,0.017,0.035,0.015,347.26,41.944,1.045,-16.856,332.8,68.7,347.07
LionTech,2024-04-28 07:05:10.806046,176.421559,-48.361097,424073.114,32.84,31.1,29.423,993.108,0.019,0.032,0.014,346.898,41.898,0.842,-16.481,332.78,68.68,346.73
LionTech,2024-04-28 07:05:10.872385,176.427329,-48.359518,424072.549,33.16,31.102,29.766,993.108,0.018,0.033,0.015,346.564,42.02,0.842,-16.604,332.74,68.6,346.4
LionTech,2024-04-28 07:05:10.947331,176.433824,-48.357739,424071.914,32.947,31.1,29.882,993.104,0.02,0.033,0.011,346.246,42.089,0.785,-16.219,332.66,68.64,346.1
LionTech,2024-04-28 07:05:11.015551,176.439615,-48.356153,424071.347,33.196,31.11,30.375,993.103,0.019,0.032,0.01,345.947,42.096,0.862,-16.348,332.58,68.66,345.8
LionTech,2024-04-28 07:05:11.083336,176.445538,-48.35453,424070.767,33.196,31.106,30.375,993.098,0.018,0.034,0.016,345.658,41.964,1.138,-16.317,332.59,68.63,345.51
LionTech,2024-04-28 07:05:11.150622,176.451376,-48.352929,424070.196,33.711,31.11,29.594,993.098,0.02,0.031,0.013,345.366,41.629,1.445,-16.26,332.53,68.62,345.22
LionTech,2024-04-28 07:05:11.222873,176.457585,-48.351227,424069.587,33.213,31.104,29.221,993.094,0.019,0.033,0.014,345.088,41.566,1.049,-16.382,332.52,68.6,344.95
LionTech,2024-04-28 07:05:11.291928,176.463558,-48.349589,424069.002,33.124,31.106,28.582,993.091,0.016,0.033,0.014,344.816,41.64,0.957,-16.617,332.52,68.58,344.68
LionTech,2024-04-28 07:05:11.364545,176.469581,-48.347937,424068.412,32.893,31.108,29.955,993.094,0.019,0.033,0.014,344.549,41.739,1.203,-16.572,332.5,68.51,344.42
LionTech,2024-04-28 07:05:11.441684,176.47631,-48.34609,424067.752,32.769,31.102,29.934,993.093,0.018,0.034,0.017,344.292,41.641,1.017,-16.807,332.55,68.37,344.16
LionTech,2024-04-28 07:05:11.509297,176.482003,-48.344528,424067.194,33.533,31.098,29.848,993.096,0.019,0.032,0.013,344.041,41.799,0.81,-16.771,332.52,68.36,343.92
LionTech,2024-04-28 07:05:11.582797,176.488499,-48.342744,424066.556,33.516,31.102,30.139,993.092,0.019,0.032,0.008,343.815,41.555,0.655,-16.703,332.49,68.51,343.7
LionTech,2024-04-28 07:05:11.658287,176.494933,-48.340977,424065.925,33.16,31.106,29.906,993.092,0.019,0.032,0.015,343.589,41.521,0.539,-16.784,332.4,68.42,343.48
LionTech,2024-04-28 07:05:11.729418,176.501079,-48.339289,424065.321,33.16,31.108,29.906,993.089,0.017,0.032,0.014,343.367,41.538,0.575,-16.942,332.46,68.39,343.26
LionTech,2024-04-28 07:05:11.803948,176.507374,-48.337559,424064.703,32.769,31.112,30.194,993.087,0.018,0.032,0.015,343.155,41.714,0.464,-17.071,332.48,68.27,343.05
LionTech,2024-04-28 07:05:11.869927,176.513132,-48.335976,424064.137,33.124,31.098,29.812,993.089,0.02,0.032,0.014,342.958,41.826,0.482,-16.732,332.42,68.18,342.87
LionTech,2024-04-28 07:05:11.944893,176.519603,-48.334197,424063.501,33.142,31.1,28.355,993.087,0.021,0.033,0.013,342.779,41.709,0.784,-16.615,332.34,68.15,342.69
LionTech,2024-04-28 07:05:12.012945,176.525283,-48.332635,424062.943,33.782,31.106,29.809,993.079,0.02,0.031,0.013,342.591,41.668,0.885,-16.994,332.33,68.16,342.5
LionTech,2024-04-28 07:05:12.079627,176.531176,-48.331014,424062.363,33.16,31.108,29.805,993.074,0.019,0.031,0.011,342.404,41.94,0.732,-17.125,332.27,68.17,342.31
LionTech,2024-04-28 07:05:12.156311,176.537771,-48.329199,424061.715,32.876,31.11,29.879,993.077,0.019,0.035,0.016,342.221,41.835,0.809,-17.363,332.29,68.12,342.13
LionTech,2024-04-28 07:05:12.224231,176.543622,-48.327589,424061.139,33.871,31.102,29.83,993.079,0.018,0.033,0.014,342.035,41.877,0.789,-17.387,332.32,68.12,341.94
LionTech,2024-04-28 07:05:12.296461,176.549798,-48.325888,424060.531,33.249,31.108,29.998,993.081,0.019,0.031,0.01,341.858,41.952,0.687,-17.356,332.25,68.16,341.77
LionTech,2024-04-28 07:05:12.364350,176.555538,-48.324307,424059.966,33.249,31.106,29.998,993.078,0.019,0.034,0.015,341.692,41.793,0.594,-17.514,332.28,68.14,341.61
LionTech,2024-04-28 07:05:12.441154,176.562172,-48.322479,424059.312,33.587,31.106,29.215,993.079,0.018,0.033,0.011,341.53,41.623,0.71,-17.107,332.27,68.23,341.45
LionTech,2024-04-28 07:05:12.509010,176.567921,-48.320895,424058.746,33.036,31.104,30.007,993.079,0.019,0.033,0.014,341.373,41.764,0.788,-17.166,332.26,68.25,341.3
LionTech,2024-04-28 07:05:12.582330,176.574377,-48.319116,424058.109,33.587,31.102,30.01,993.082,0.02,0.031,0.012,341.234,41.709,0.818,-16.836,332.22,68.22,341.17
LionTech,2024-04-28 07:05:12.657733,176.580755,-48.317357,424057.48,33.107,31.112,29.833,993.075,0.019,0.034,0.014,341.108,42.063,0.566,-17.065,332.25,68.2,341.05
LionTech,2024-04-28 07:05:12.725311,176.586675,-48.315724,424056.896,33.107,31.102,29.717,993.067,0.019,0.033,0.016,340.989,42.2,0.489,-17.111,332.25,68.09,340.93
LionTech,2024-04-28 07:05:12.793765,176.592523,-48.314111,424056.32,33.551,31.11,29.916,993.067,0.02,0.032,0.012,340.87,41.953,0.444,-17.523,332.2,68.14,340.81
LionTech,2024-04-28 07:05:12.861818,176.598254,-48.31253,424055.754,32.911,31.106,29.564,993.069,0.02,0.033,0.014,340.746,42.388,0.462,-17.227,332.22,68.11,340.69
LionTech,2024-04-28 07:05:12.928557,176.604069,-48.310925,424055.18,32.876,31.106,29.631,993.068,0.019,0.032,0.016,340.646,42.19,0.396,-17.047,332.26,68.04,340.6
LionTech,2024-04-28 07:05:13.003399,176.610436,-48.309167,424054.551,32.893,31.106,29.301,993.069,0.019,0.033,0.013,340.562,41.951,0.451,-16.452,332.24,68.1,340.53
LionTech,2024-04-28 07:05:13.077295,176.616909,-48.307379,424053.912,32.893,31.108,29.301,993.07,0.019,0.032,0.01,340.482,42.31,0.714,-16.926,332.18,68.18,340.44
LionTech,2024-04-28 07:05:13.145060,176.622681,-48.305784,424053.341,33.16,31.106,29.76,993.069,0.018,0.032,0.014,340.385,42.087,1.17,-17.245,332.19,68.14,340.33
LionTech,2024-04-28 07:05:13.740845,176.673595,-48.2917,424048.302,33.142,31.106,30.004,993.081,0.019,0.034,0.01,340.265,42.081,0.958,-17.481,332.17,68.17,340.21
LionTech,2024-04-28 07:05:13.816534,176.68015,-48.289885,424047.652,33.249,31.108,28.918,993.084,0.018,0.034,0.015,340.167,41.667,0.83,-16.429,332.19,68.1,340.13
LionTech,2024-04-28 07:05:13.882940,176.686013,-48.288261,424047.071,33.053,31.096,29.818,993.08,0.019,0.033,0.014,340.098,41.776,0.777,-16.524,332.19,68.04,340.06
LionTech,2024-04-28 07:05:13.951220,176.691816,-48.286652,424046.495,33.053,31.108,29.818,993.081,0.02,0.033,0.014,340.032,42.205,0.873,-16.65,332.19,68.06,340.0
LionTech,2024-04-28 07:05:14.024691,176.698059,-48.284922,424045.876,33.533,31.106,31.378,993.084,0.018,0.032,0.013,339.972,42.143,0.907,-16.389,332.19,68.02,339.95
LionTech,2024-04-28 07:05:14.092004,176.703851,-48.283316,424045.301,33.124,31.112,29.955,993.081,0.019,0.033,0.011,339.91,41.914,0.89,-16.875,332.16,68.06,339.87
LionTech,2024-04-28 07:05:14.160578,176.709674,-48.2817,424044.723,33.605,31.108,29.775,993.08,0.019,0.034,0.015,339.831,41.723,1.002,-16.911,332.16,68.03,339.79
LionTech,2024-04-28 07:05:14.226713,176.715482,-48.280089,424044.146,33.124,31.106,29.854,993.082,0.019,0.033,0.014,339.751,41.856,0.683,-17.101,332.22,68.0,339.72
LionTech,2024-04-28 07:05:14.295019,176.721327,-48.278467,424043.565,33.178,31.106,28.805,993.075,0.019,0.031,0.014,339.687,42.022,0.598,-16.91,332.22,67.96,339.66
LionTech,2024-04-28 07:05:14.369917,176.727688,-48.276701,424042.933,32.893,31.102,29.763,993.071,0.018,0.032,0.011,339.628,42.269,0.543,-17.104,332.18,67.99,339.6
LionTech,2024-04-28 07:05:14.437348,176.733559,-48.275071,424042.35,33.16,31.121,29.643,993.069,0.02,0.032,0.011,339.571,41.998,1.118,-16.739,332.1,68.01,339.54
LionTech,2024-04-28 07:05:14.512769,176.739914,-48.273306,424041.718,33.16,31.108,29.643,993.076,0.019,0.033,0.015,339.509,41.947,0.763,-16.964,332.11,67.95,339.48
LionTech,2024-04-28 07:05:14.579239,176.745705,-48.271697,424041.142,32.893,31.112,29.181,993.075,0.018,0.031,0.011,339.451,41.983,1.075,-16.744,332.11,67.98,339.43
LionTech,2024-04-28 07:05:14.654053,176.752082,-48.269925,424040.507,32.822,31.104,29.79,993.074,0.02,0.034,0.014,339.398,42.018,1.064,-16.813,332.14,67.94,339.37
LionTech,2024-04-28 07:05:14.721368,176.757801,-48.268335,424039.938,33.124,31.106,30.295,993.07,0.019,0.032,0.015,339.336,42.131,0.944,-17.218,332.14,67.85,339.3
LionTech,2024-04-28 07:05:14.788584,176.763564,-48.266733,424039.364,33.267,31.104,29.6,993.07,0.019,0.033,0.013,339.28,42.007,0.741,-16.891,332.1,67.84,339.26
LionTech,2024-04-28 07:05:14.856021,176.769336,-48.265128,424038.789,33.338,31.112,29.487,993.071,0.018,0.032,0.013,339.233,42.043,0.674,-17.087,332.09,67.83,339.21
LionTech,2024-04-28 07:05:14.922743,176.775105,-48.263523,424038.214,33.284,31.106,30.007,993.073,0.018,0.034,0.016,339.187,41.757,0.638,-17.254,332.15,67.8,339.16
LionTech,2024-04-28 07:05:14.997455,176.781643,-48.261703,424037.563,32.982,31.104,29.395,993.068,0.018,0.033,0.014,339.128,41.611,0.897,-17.21,332.17,67.75,339.1
LionTech,2024-04-28 07:05:15.067194,176.78749,-48.260076,424036.98,32.982,31.104,29.395,993.067,0.019,0.033,0.014,339.071,42.476,0.753,-17.061,332.21,67.64,339.06
LionTech,2024-04-28 07:05:15.134354,176.793308,-48.258456,424036.4,33.213,31.106,29.001,993.064,0.018,0.033,0.015,339.046,42.169,0.602,-16.747,332.24,67.62,339.04
LionTech,2024-04-28 07:05:15.206669,176.799508,-48.256729,424035.781,32.858,31.1,29.701,993.067,0.018,0.033,0.012,339.019,41.877,1.003,-16.826,332.26,67.67,339.0
LionTech,2024-04-28 07:05:15.274988,176.805371,-48.255096,424035.196,32.911,31.108,29.903,993.066,0.02,0.032,0.013,338.978,41.864,1.278,-16.73,332.2,67.68,338.96
LionTech,2024-04-28 07:05:15.343880,176.81125,-48.253458,424034.609,33.124,31.104,29.622,993.064,0.018,0.032,0.014,338.962,42.153,1.313,-15.653,332.14,67.67,338.97
LionTech,2024-04-28 07:05:15.415975,176.817266,-48.251781,424034.009,33.231,31.106,29.958,993.064,0.018,0.033,0.014,338.961,41.858,1.475,-16.105,332.17,67.64,338.95
LionTech,2024-04-28 07:05:15.485771,176.823341,-48.250087,424033.402,33.249,31.104,30.209,993.063,0.018,0.032,0.017,338.935,41.824,1.089,-16.995,332.24,67.54,338.91
LionTech,2024-04-28 07:05:15.553174,176.829089,-48.248484,424032.828,32.858,31.117,29.753,993.063,0.02,0.032,0.011,338.897,41.619,0.836,-16.844,332.19,67.55,338.88
LionTech,2024-04-28 07:05:15.620349,176.834825,-48.246884,424032.254,32.858,31.104,29.753,993.065,0.018,0.034,0.016,338.869,41.385,1.035,-16.368,332.22,67.5,338.86
LionTech,2024-04-28 07:05:15.693515,176.841096,-48.245134,424031.627,33.356,31.112,29.441,993.068,0.018,0.033,0.011,338.853,41.777,0.549,-16.611,332.27,67.57,338.85
LionTech,2024-04-28 07:05:15.760812,176.846788,-48.243545,424031.058,33.107,31.106,29.885,993.067,0.018,0.032,0.017,338.843,42.04,0.819,-16.564,332.24,67.47,338.84
LionTech,2024-04-28 07:05:15.830323,176.852881,-48.241844,424030.449,32.947,31.104,30.289,993.063,0.018,0.033,0.015,338.832,41.753,1.222,-16.999,332.27,67.45,338.81
LionTech,2024-04-28 07:05:15.902146,176.859212,-48.240076,424029.815,32.858,31.106,30.763,993.064,0.019,0.031,0.014,338.789,41.731,1.041,-16.92,332.29,67.45,338.77
LionTech,2024-04-28 07:05:15.972141,176.865018,-48.238455,424029.234,33.853,31.106,29.585,993.063,0.019,0.033,0.016,338.763,41.809,0.897,-16.571,332.32,67.38,338.76
LionTech,2024-04-28 07:05:16.047533,176.871448,-48.236658,424028.59,32.911,31.102,29.744,993.065,0.02,0.032,0.011,338.764,41.837,0.813,-16.275,332.27,67.4,338.77
LionTech,2024-04-28 07:05:16.115375,176.877147,-48.235065,424028.019,33.267,31.11,29.64,993.061,0.02,0.033,0.016,338.758,41.949,0.85,-16.899,332.27,67.31,338.74
LionTech,2024-04-28 07:05:16.181873,176.882953,-48.233442,424027.437,33.267,31.098,29.64,993.057,0.019,0.033,0.014,338.744,41.913,0.562,-16.322,332.24,67.28,338.75
LionTech,2024-04-28 07:05:16.248978,176.888684,-48.231839,424026.863,32.893,31.108,28.686,993.054,0.019,0.033,0.014,338.745,41.891,0.325,-16.891,332.26,67.27,338.74
LionTech,2024-04-28 07:05:16.315979,176.894304,-48.230267,424026.299,33.871,31.102,29.533,993.054,0.018,0.032,0.015,338.738,41.907,0.459,-16.762,332.32,67.23,338.74
LionTech,2024-04-28 07:05:16.382220,176.900111,-48.228643,424025.717,33.178,31.102,30.298,993.058,0.018,0.033,0.014,338.737,41.71,0.645,-16.447,332.29,67.15,338.74
LionTech,2024-04-28 07:05:16.450191,176.905933,-48.227013,424025.133,33.516,31.106,29.747,993.06,0.019,0.033,0.013,338.72,41.646,0.809,-17.007,332.25,67.16,338.7
LionTech,2024-04-28 07:05:16.517870,176.911625,-48.22542,424024.562,33.16,31.106,29.769,993.057,0.018,0.034,0.013,338.701,42.408,0.953,-16.755,332.32,67.1,338.7
LionTech,2024-04-28 07:05:16.584568,176.917425,-48.223796,424023.98,33.889,31.112,29.772,993.055,0.017,0.031,0.013,338.704,42.451,0.563,-16.508,332.34,67.07,338.71
LionTech,2024-04-28 07:05:16.659625,176.923746,-48.222025,424023.345,33.889,31.106,29.772,993.06,0.018,0.032,0.012,338.712,42.237,0.729,-16.74,332.33,67.2,338.71
LionTech,2024-04-28 07:05:16.725471,176.929482,-48.220418,424022.769,32.84,31.106,30.555,993.059,0.02,0.033,0.013,338.7,42.099,0.988,-17.169,332.3,67.2,338.68
LionTech,2024-04-28 07:05:16.792848,176.935378,-48.218766,424022.176,33.16,31.11,30.319,993.061,0.019,0.032,0.016,338.681,42.274,0.962,-16.461,332.3,67.15,338.68
LionTech,2024-04-28 07:05:16.866257,176.941392,-48.21708,424021.572,32.858,31.106,29.833,993.058,0.019,0.034,0.011,338.676,41.683,0.813,-16.767,332.33,67.21,338.67
LionTech,2024-04-28 07:05:16.936493,176.947533,-48.215358,424020.955,33.213,31.108,29.567,993.059,0.02,0.033,0.013,338.664,41.965,0.62,-16.841,332.31,67.28,338.66
LionTech,2024-04-28 07:05:17.011785,176.953943,-48.21356,424020.31,33.747,31.108,30.791,993.058,0.02,0.031,0.013,338.662,41.929,0.815,-16.615,332.27,67.31,338.66
LionTech,2024-04-28 07:05:17.079656,176.959753,-48.211931,424019.725,33.818,31.119,29.891,993.059,0.018,0.033,0.014,338.651,42.002,0.854,-17.171,332.28,67.44,338.64
LionTech,2024-04-28 07:05:17.154374,176.96617,-48.21013,424019.08,33.053,31.106,29.472,993.061,0.02,0.034,0.015,338.627,41.652,0.894,-16.868,332.25,67.44,338.62
LionTech,2024-04-28 07:05:20.936311,177.288986,-48.118858,423986.309,33.124,31.108,29.652,993.068,0.018,0.034,0.015,338.606,41.941,1.084,-16.888,332.33,67.42,338.59
LionTech,2024-04-28 07:05:21.008879,177.295161,-48.117099,423985.677,33.0,31.108,29.515,993.071,0.02,0.034,0.012,338.582,42.043,1.387,-16.862,332.33,67.48,338.57
LionTech,2024-04-28 07:05:21.087499,177.301761,-48.115218,423985.001,32.876,31.117,30.323,993.069,0.019,0.034,0.016,338.555,41.609,1.194,-16.907,332.34,67.47,338.54
LionTech,2024-04-28 07:05:21.154776,177.307512,-48.113579,423984.412,33.107,31.115,30.57,993.071,0.018,0.034,0.015,338.531,41.951,1.327,-16.624,332.37,67.46,338.52
LionTech,2024-04-28 07:05:24.916101,177.627292,-48.021766,423951.368,32.982,31.11,29.656,993.06,0.02,0.032,0.014,338.51,41.97,1.075,-17.193,332.32,67.38,338.5
LionTech,2024-04-28 07:05:24.987389,177.633328,-48.020021,423950.739,32.929,31.119,29.481,993.057,0.018,0.031,0.012,338.474,41.678,0.948,-17.474,332.26,67.4,338.45
LionTech,2024-04-28 07:05:25.054973,177.639074,-48.018358,423950.14,33.231,31.11,28.744,993.057,0.02,0.034,0.015,338.429,41.917,0.848,-17.704,332.22,67.43,338.41
LionTech,2024-04-28 07:05:25.129661,177.645398,-48.016528,423949.481,32.769,31.112,29.408,993.056,0.018,0.032,0.01,338.379,41.931,1.181,-17.835,332.19,67.56,338.35
LionTech,2024-04-28 07:05:25.197372,177.651091,-48.01488,423948.887,33.284,31.112,29.894,993.052,0.019,0.032,0.014,338.317,41.959,1.157,-18.079,332.22,67.54,338.29
LionTech,2024-04-28 07:05:28.948969,177.968778,-47.922257,423915.472,33.8,31.112,29.931,993.047,0.019,0.032,0.01,338.248,42.12,1.325,-18.552,332.21,67.71,338.2
LionTech,2024-04-28 07:05:29.020232,177.974697,-47.920519,423914.844,33.373,31.123,30.503,993.048,0.017,0.034,0.012,338.173,42.226,1.122,-18.149,332.24,67.83,338.14
LionTech,2024-04-28 07:05:29.096784,177.981337,-47.918568,423914.14,33.107,31.125,29.662,993.041,0.017,0.034,0.014,338.116,42.081,1.037,-18.171,332.29,67.83,338.09
LionTech,2024-04-28 07:05:29.169763,177.987382,-47.916792,423913.498,32.84,31.117,30.246,993.042,0.019,0.033,0.012,338.056,42.539,1.145,-18.086,332.26,67.86,338.03
LionTech,2024-04-28 07:05:29.240096,177.993401,-47.915023,423912.859,32.876,31.121,29.558,993.048,0.018,0.033,0.016,338.009,42.44,1.265,-18.262,332.28,67.8,337.98
LionTech,2024-04-28 07:05:32.984316,178.309253,-47.821524,423879.05,33.782,31.121,29.827,993.059,0.019,0.032,0.013,337.957,42.099,0.97,-18.024,332.26,67.87,337.93
LionTech,2024-04-28 07:05:33.053572,178.315086,-47.819785,423878.421,33.64,31.11,29.922,993.053,0.019,0.033,0.015,337.921,41.766,1.014,-17.462,332.31,67.8,337.91
LionTech,2024-04-28 07:05:33.122296,178.320704,-47.81811,423877.814,33.356,31.117,29.812,993.056,0.019,0.035,0.015,337.894,41.576,0.957,-17.417,332.32,67.77,337.88
LionTech,2024-04-28 07:05:33.196086,178.326953,-47.816246,423877.139,33.356,31.112,29.812,993.054,0.018,0.032,0.011,337.877,41.733,0.895,-17.177,332.32,67.85,337.87
LionTech,2024-04-28 07:05:33.263228,178.332644,-47.814548,423876.525,33.409,31.119,29.481,993.057,0.017,0.032,0.011,337.878,41.896,0.545,-16.854,332.35,67.89,337.88
LionTech,2024-04-28 07:05:36.995875,178.646139,-47.72035,423842.386,33.0,31.121,29.625,993.054,0.019,0.035,0.014,337.879,41.39,0.579,-17.359,332.38,67.93,337.87
LionTech,2024-04-28 07:05:37.064014,178.651791,-47.71864,423841.765,33.178,31.119,29.717,993.058,0.02,0.034,0.013,337.871,41.641,0.657,-17.058,332.37,67.93,337.87
LionTech,2024-04-28 07:05:37.139012,178.65814,-47.716718,423841.068,32.893,31.117,29.573,993.058,0.017,0.032,0.014,337.861,41.724,0.562,-17.893,332.39,67.93,337.85
LionTech,2024-04-28 07:05:37.207004,178.663842,-47.714992,423840.441,32.822,31.125,28.738,993.053,0.019,0.034,0.012,337.821,41.961,0.6,-18.755,332.37,67.92,337.79
LionTech,2024-04-28 07:05:37.278601,178.669803,-47.713187,423839.787,33.16,31.129,29.937,993.051,0.018,0.034,0.014,337.77,41.633,0.509,-18.385,332.36,67.93,337.75
LionTech,2024-04-28 07:05:41.019734,178.982829,-47.617729,423805.114,33.178,31.119,29.937,993.07,0.019,0.033,0.013,337.721,41.91,0.676,-18.702,332.39,67.91,337.69
LionTech,2024-04-28 07:05:41.103388,178.989685,-47.615624,423804.348,32.911,31.127,29.457,993.07,0.018,0.032,0.017,337.672,41.853,0.895,-18.21,332.42,67.79,337.65
LionTech,2024-04-28 07:05:41.181035,178.996152,-47.613637,423803.626,33.178,31.119,29.965,993.066,0.019,0.032,0.013,337.64,41.723,0.781,-18.045,332.35,67.83,337.62
LionTech,2024-04-28 07:05:41.255263,179.00247,-47.611696,423802.92,33.0,31.112,29.665,993.062,0.02,0.03,0.011,337.606,41.548,0.687,-18.214,332.24,67.82,337.59
LionTech,2024-04-28 07:05:41.330635,179.008668,-47.609791,423802.227,32.911,31.129,30.705,993.058,0.02,0.032,0.013,337.551,41.407,0.876,-18.555,332.2,67.85,337.52
LionTech,2024-04-28 07:05:45.056207,179.319015,-47.513749,423767.266,33.853,31.121,29.934,993.07,0.019,0.034,0.013,337.495,41.237,0.772,-18.443,332.17,67.92,337.47
LionTech,2024-04-28 07:05:45.123203,179.324581,-47.512014,423766.634,32.804,31.127,30.353,993.075,0.02,0.034,0.014,337.45,41.497,0.891,-18.347,332.22,67.93,337.43
LionTech,2024-04-28 07:05:45.190518,179.33019,-47.510266,423765.997,32.804,31.125,30.353,993.073,0.018,0.031,0.014,337.406,41.401,0.934,-18.145,332.21,67.85,337.39
LionTech,2024-04-28 07:05:45.257932,179.335717,-47.508543,423765.369,33.302,31.123,29.337,993.073,0.02,0.034,0.013,337.372,41.314,1.156,-17.786,332.23,67.87,337.36
LionTech,2024-04-28 07:05:45.331172,179.341931,-47.506605,423764.663,32.858,31.121,29.857,993.07,0.019,0.033,0.014,337.34,41.245,1.047,-18.177,332.18,67.86,337.32
LionTech,2024-04-28 07:05:49.094762,179.654159,-47.408573,423728.901,33.747,31.129,30.142,993.071,0.018,0.032,0.013,337.3,41.438,1.325,-17.943,332.18,67.86,337.28
LionTech,2024-04-28 07:05:49.163634,179.659688,-47.406825,423728.263,33.747,31.127,30.142,993.071,0.018,0.033,0.015,337.267,41.606,1.715,-17.808,332.2,67.78,337.25
LionTech,2024-04-28 07:05:49.239221,179.666122,-47.40479,423727.52,33.0,31.121,30.904,993.073,0.017,0.031,0.014,337.227,41.483,1.524,-18.373,332.25,67.73,337.2
LionTech,2024-04-28 07:05:49.314499,179.67218,-47.402874,423726.82,32.911,31.129,29.955,993.073,0.02,0.033,0.01,337.183,41.427,1.347,-17.907,332.24,67.77,337.17
LionTech,2024-04-28 07:05:49.384007,179.678051,-47.401017,423726.142,33.16,31.127,29.392,993.07,0.019,0.032,0.013,337.155,41.628,1.131,-18.209,332.22,67.76,337.14
LionTech,2024-04-28 07:05:53.125181,179.987216,-47.302539,423690.142,32.893,31.129,29.946,993.053,0.019,0.033,0.013,337.112,41.326,1.072,-18.567,332.2,67.72,337.09
LionTech,2024-04-28 07:05:53.197664,179.993102,-47.300651,423689.452,33.196,31.129,30.01,993.048,0.018,0.031,0.014,337.069,40.957,0.812,-18.371,332.19,67.7,337.05
LionTech,2024-04-28 07:05:53.265311,179.998545,-47.298905,423688.813,33.018,31.133,28.061,993.045,0.018,0.034,0.013,337.024,41.07,1.063,-18.806,332.22,67.67,336.99
LionTech,2024-04-28 07:05:53.338364,-179.995355,-47.296948,423688.097,33.213,31.129,29.885,993.049,0.018,0.032,0.013,336.969,41.201,1.101,-18.586,332.16,67.75,336.95
LionTech,2024-04-28 07:05:53.410152,-179.989483,-47.295064,423687.407,33.213,31.125,29.894,993.047,0.018,0.034,0.015,336.928,41.065,1.086,-18.549,332.23,67.67,336.91
LionTech,2024-04-28 07:05:57.151243,-179.681584,-47.195589,423650.968,33.516,31.131,29.931,993.045,0.018,0.031,0.011,336.889,41.166,1.014,-18.4,332.24,67.71,336.87
LionTech,2024-04-28 07:05:57.222989,-179.6757,-47.193675,423650.267,32.929,31.135,29.2,993.038,0.019,0.034,0.016,336.857,41.136,1.18,-18.336,332.27,67.63,336.84
LionTech,2024-04-28 07:05:57.298387,-179.66953,-47.191668,423649.531,33.142,31.129,30.007,993.04,0.019,0.032,0.013,336.823,41.228,1.126,-18.492,332.22,67.6,336.8
LionTech,2024-04-28 07:05:57.367410,-179.663952,-47.189853,423648.865,32.858,31.133,30.09,993.039,0.019,0.032,0.017,336.795,41.159,1.142,-17.994,332.22,67.55,336.79
LionTech,2024-04-28 07:05:57.434576,-179.658424,-47.188054,423648.205,32.858,31.133,30.09,993.042,0.018,0.031,0.013,336.781,40.995,0.977,-17.88,332.22,67.51,336.78
LionTech,2024-04-28 07:06:01.245026,-179.346011,-47.085682,423610.63,33.64,31.144,29.903,993.075,0.019,0.033,0.013,336.773,40.962,1.152,-17.896,332.21,67.61,336.77
LionTech,2024-04-28 07:06:01.334007,-179.337686,-47.082935,423609.621,33.213,31.138,29.741,993.067,0.019,0.033,0.016,336.753,40.996,0.994,-18.442,332.19,67.53,336.74
LionTech,2024-04-28 07:06:01.442133,-179.328894,-47.080034,423608.555,32.929,31.133,29.307,993.062,0.019,0.031,0.011,336.718,41.005,0.905,-18.851,332.11,67.59,336.7
LionTech,2024-04-28 07:06:06.902414,-178.885083,-46.93216,423554.15,33.836,31.144,30.234,993.078,0.017,0.034,0.015,336.673,41.257,0.4,-19.467,332.22,67.51,336.65
LionTech,2024-04-28 07:06:10.742515,-178.573684,-46.82675,423515.283,33.836,31.148,29.851,993.068,0.02,0.033,0.011,336.631,41.34,0.664,-19.055,332.15,67.6,336.61
LionTech,2024-04-28 07:06:10.818529,-178.567658,-46.824697,423514.525,32.964,31.142,29.622,993.072,0.019,0.033,0.017,336.592,41.459,0.955,-19.988,332.21,67.51,336.55
LionTech,2024-04-28 07:06:10.885881,-178.562163,-46.822824,423513.834,33.213,31.148,29.705,993.073,0.019,0.033,0.015,336.518,41.118,0.984,-19.804,332.18,67.47,336.48
LionTech,2024-04-28 07:06:10.953781,-178.556661,-46.820948,423513.142,33.213,31.146,29.705,993.072,0.019,0.032,0.013,336.449,40.999,1.039,-19.34,332.19,67.52,336.42
LionTech,2024-04-28 07:06:14.768571,-178.248647,-46.715256,423474.097,33.338,31.16,29.573,993.093,0.02,0.032,0.013,336.383,41.117,0.823,-20.027,332.14,67.51,336.35
LionTech,2024-04-28 07:06:14.836440,-178.243324,-46.713418,423473.418,32.893,31.158,30.739,993.097,0.018,0.033,0.012,336.308,40.955,0.812,-20.095,332.14,67.54,336.27
LionTech,2024-04-28 07:06:14.909702,-178.23734,-46.711351,423472.653,33.213,31.154,31.078,993.101,0.02,0.032,0.011,336.239,40.8,1.086,-19.522,332.11,67.59,336.21
LionTech,2024-04-28 07:06:14.976876,-178.231983,-46.7095,423471.969,32.947,31.15,29.668,993.1,0.019,0.033,0.012,336.182,40.879,1.2,-19.44,332.16,67.65,336.15
LionTech,2024-04-28 07:06:18.790801,-177.9253,-46.602844,423432.496,33.729,31.158,29.879,993.097,0.018,0.034,0.011,336.123,41.047,1.426,-19.494,332.2,67.78,336.09
LionTech,2024-04-28 07:06:18.861501,-177.91966,-46.600869,423431.765,33.907,31.158,29.94,993.093,0.019,0.032,0.012,336.067,41.066,1.269,-19.361,332.16,67.84,336.04
LionTech,2024-04-28 07:06:18.936606,-177.913582,-46.598742,423430.977,33.107,31.158,30.237,993.092,0.019,0.032,0.01,336.017,41.173,1.344,-19.323,332.12,67.89,335.99
LionTech,2024-04-28 07:06:19.011885,-177.9075,-46.596611,423430.188,33.622,31.156,29.506,993.079,0.018,0.031,0.013,335.971,41.141,1.185,-19.45,332.11,67.93,335.95
LionTech,2024-04-28 07:06:22.855907,-177.599944,-46.48821,423389.997,33.267,31.16,29.882,993.07,0.019,0.033,0.013,335.916,40.725,1.342,-19.714,332.13,67.9,335.88
LionTech,2024-04-28 07:06:22.926013,-177.594317,-46.486214,423389.256,32.964,31.16,30.075,993.075,0.019,0.032,0.014,335.865,40.72,0.881,-19.35,332.13,67.88,335.85
LionTech,2024-04-28 07:06:23.003892,-177.588045,-46.483989,423388.43,33.249,31.16,29.512,993.076,0.018,0.033,0.013,335.819,40.513,1.23,-19.53,332.15,67.87,335.79
LionTech,2024-04-28 07:06:23.076364,-177.582248,-46.481932,423387.667,32.929,31.167,29.093,993.074,0.02,0.032,0.017,335.761,40.657,0.883,-19.819,332.15,67.81,335.74
LionTech,2024-04-28 07:06:26.904982,-177.277125,-46.372951,423347.189,32.947,31.177,29.637,993.071,0.017,0.033,0.015,335.713,40.561,0.966,-19.766,332.19,67.79,335.69
LionTech,2024-04-28 07:06:26.978336,-177.271489,-46.370925,423346.436,33.516,31.173,31.057,993.073,0.019,0.033,0.017,335.665,40.86,0.855,-19.599,332.19,67.71,335.65
LionTech,2024-04-28 07:06:27.051436,-177.265566,-46.368796,423345.645,33.107,31.171,30.038,993.071,0.019,0.034,0.013,335.635,40.811,0.999,-19.443,332.15,67.71,335.62
LionTech,2024-04-28 07:06:27.129987,-177.259415,-46.366584,423344.822,33.124,31.171,30.13,993.073,0.018,0.034,0.017,335.604,40.967,0.916,-19.473,332.19,67.69,335.59
LionTech,2024-04-28 07:06:30.926748,-176.958017,-46.257516,423304.243,32.964,31.169,29.772,993.095,0.018,0.032,0.016,335.571,41.08,0.955,-19.979,332.2,67.64,335.55
LionTech,2024-04-28 07:06:30.995705,-176.952605,-46.255545,423303.509,32.964,31.177,29.772,993.093,0.02,0.031,0.012,335.529,40.877,1.181,-19.46,332.11,67.7,335.51
LionTech,2024-04-28 07:06:31.069924,-176.946762,-46.253417,423302.716,33.32,31.177,31.182,993.094,0.019,0.032,0.014,335.494,40.756,1.421,-19.48,332.06,67.67,335.47
LionTech,2024-04-28 07:06:31.143954,-176.940956,-46.251302,423301.929,33.676,31.179,30.267,993.096,0.02,0.034,0.015,335.459,40.918,1.294,-19.463,332.05,67.63,335.44
LionTech,2024-04-28 07:06:34.964726,-176.639133,-46.14066,423260.694,33.427,31.181,29.836,993.072,0.018,0.032,0.014,335.421,41.177,0.907,-20.327,332.04,67.64,335.4
LionTech,2024-04-28 07:06:35.035867,-176.633581,-46.138612,423259.93,33.729,31.183,29.38,993.071,0.02,0.032,0.009,335.365,40.925,1.156,-20.26,332.0,67.78,335.34
LionTech,2024-04-28 07:06:35.106413,-176.627985,-46.136547,423259.16,33.302,31.183,29.763,993.071,0.02,0.033,0.013,335.306,40.977,1.263,-20.368,331.96,67.85,335.27
LionTech,2024-04-28 07:06:35.180654,-176.622165,-46.1344,423258.359,33.569,31.175,29.793,993.073,0.019,0.033,0.012,335.244,41.056,1.116,-20.669,331.93,67.93,335.21
LionTech,2024-04-28 07:06:38.999192,-176.321925,-46.022916,423216.741,33.356,31.196,29.625,993.073,0.017,0.033,0.014,335.17,40.644,1.266,-20.745,332.01,67.87,335.13
LionTech,2024-04-28 07:06:39.069125,-176.316353,-46.020834,423215.964,33.036,31.192,30.093,993.073,0.02,0.032,0.013,335.093,40.408,1.595,-20.27,331.98,67.9,335.06
LionTech,2024-04-28 07:06:39.147636,-176.310228,-46.018545,423215.108,33.338,31.196,28.967,993.065,0.02,0.034,0.014,335.024,40.407,1.338,-20.4,331.95,67.9,334.99
LionTech,2024-04-28 07:06:39.221775,-176.304394,-46.016365,423214.294,33.853,31.192,28.606,993.065,0.019,0.033,0.012,334.963,40.541,0.978,-20.317,331.91,67.99,334.94
LionTech,2024-04-28 07:06:43.095775,-176.001138,-45.902308,423171.646,33.302,31.196,29.799,993.08,0.018,0.032,0.013,334.911,40.495,0.928,-20.866,331.95,67.98,334.88
LionTech,2024-04-28 07:06:43.163493,-175.995888,-45.900321,423170.903,33.356,31.196,29.423,993.082,0.019,0.033,0.013,334.835,40.384,1.11,-21.228,331.93,68.06,334.79
LionTech,2024-04-28 07:06:43.231302,-175.990584,-45.898313,423170.151,33.356,31.202,29.423,993.084,0.019,0.031,0.014,334.746,40.411,1.473,-21.202,331.93,68.13,334.7
LionTech,2024-04-28 07:06:47.125400,-175.687044,-45.782707,423126.856,33.338,31.217,29.493,993.089,0.018,0.034,0.011,334.656,40.616,1.225,-21.372,332.0,68.23,334.61
LionTech,2024-04-28 07:06:47.197561,-175.681479,-45.780575,423126.057,32.982,31.217,29.744,993.084,0.019,0.033,0.015,334.578,40.283,0.963,-21.215,332.01,68.25,334.54
LionTech,2024-04-28 07:06:47.272555,-175.675625,-45.778331,423125.216,33.729,31.208,31.326,993.083,0.019,0.034,0.013,334.503,40.192,1.01,-21.058,332.05,68.25,334.47
LionTech,2024-04-28 07:06:51.158804,-175.374113,-45.662054,423081.602,33.569,31.223,29.769,993.084,0.019,0.031,0.013,334.436,40.148,0.963,-20.824,332.02,68.22,334.41
LionTech,2024-04-28 07:06:51.237597,-175.368108,-45.659724,423080.727,33.338,31.225,29.068,993.085,0.02,0.032,0.015,334.375,40.346,0.901,-21.244,331.98,68.15,334.34
LionTech,2024-04-28 07:06:51.308464,-175.362676,-45.657616,423079.936,33.036,31.221,29.793,993.087,0.02,0.033,0.013,334.307,40.526,1.143,-21.576,331.97,68.15,334.27
LionTech,2024-04-28 07:06:55.176650,-175.063806,-45.540925,423036.1,34.013,31.227,29.555,993.127,0.019,0.033,0.015,334.233,40.853,0.649,-22.03,331.99,68.15,334.19
LionTech,2024-04-28 07:06:55.248871,-175.058276,-45.538753,423035.283,33.302,31.229,29.417,993.132,0.019,0.033,0.015,334.168,40.358,0.974,-21.211,331.98,68.12,334.14
LionTech,2024-04-28 07:06:55.317090,-175.053033,-45.536693,423034.509,33.302,31.227,29.417,993.131,0.019,0.034,0.016,334.121,40.399,0.831,-20.824,331.96,68.1,334.11
LionTech,2024-04-28 07:06:59.229704,-174.75221,-45.417792,422989.776,33.765,31.24,29.717,993.062,0.02,0.031,0.014,334.08,40.733,1.324,-21.373,331.9,68.04,334.05
LionTech,2024-04-28 07:06:59.305523,-174.746506,-45.415524,422988.922,32.982,31.246,29.359,993.064,0.018,0.03,0.01,334.025,40.595,1.07,-21.217,331.91,68.11,334.0
LionTech,2024-04-28 07:06:59.376138,-174.741059,-45.413357,422988.107,32.982,31.242,29.359,993.064,0.018,0.033,0.012,333.979,40.496,1.285,-20.823,331.9,68.19,333.96
LionTech,2024-04-28 07:07:03.305270,-174.440298,-45.293015,422942.765,33.96,31.25,29.833,993.096,0.018,0.034,0.015,333.94,40.388,1.307,-20.556,331.9,68.17,333.93
LionTech,2024-04-28 07:07:03.381122,-174.434697,-45.29076,422941.915,33.036,31.25,30.078,993.099,0.019,0.034,0.01,333.906,40.172,1.526,-20.527,331.93,68.33,333.89
LionTech,2024-04-28 07:07:07.285446,-174.137228,-45.170307,422896.468,33.978,31.265,29.842,993.103,0.019,0.032,0.016,333.859,40.647,1.264,-21.52,331.92,68.25,333.83
LionTech,2024-04-28 07:07:07.359889,-174.131277,-45.167883,422895.553,32.911,31.263,29.399,993.092,0.02,0.031,0.013,333.81,40.649,1.422,-20.771,331.91,68.25,333.79
LionTech,2024-04-28 07:07:07.450248,-174.12461,-45.165167,422894.527,33.107,31.254,31.326,993.086,0.018,0.031,0.013,333.769,40.385,1.537,-20.988,331.91,68.19,333.74
LionTech,2024-04-28 07:07:11.406463,-173.824668,-45.042229,422848.077,33.942,31.269,29.986,993.092,0.02,0.032,0.016,333.716,40.232,1.423,-21.37,331.89,68.04,333.68
LionTech,2024-04-28 07:07:11.477927,-173.819334,-45.04003,422847.246,33.018,31.263,29.805,993.095,0.018,0.032,0.013,333.645,40.031,1.424,-21.934,331.87,68.06,333.6
LionTech,2024-04-28 07:07:15.370242,-173.525511,-44.91818,422801.145,33.071,31.285,29.818,993.074,0.02,0.03,0.016,333.563,40.128,1.445,-21.744,331.83,67.97,333.53
LionTech,2024-04-28 07:07:15.461602,-173.518734,-44.915353,422800.074,33.0,31.277,29.729,993.07,0.02,0.031,0.01,333.493,40.137,1.545,-21.663,331.81,68.09,333.46
LionTech,2024-04-28 07:07:15.534562,-173.513081,-44.912995,422799.182,33.16,31.29,29.622,993.071,0.018,0.034,0.014,333.421,40.227,1.759,-21.881,331.85,68.03,333.38
LionTech,2024-04-28 07:07:19.462909,-173.217946,-44.789139,422752.259,33.96,31.292,29.561,993.053,0.019,0.034,0.013,333.345,40.171,1.341,-22.099,331.87,68.05,333.31
LionTech,2024-04-28 07:07:19.535407,-173.212544,-44.786859,422751.394,33.071,31.292,28.958,993.056,0.019,0.032,0.013,333.28,39.903,1.425,-21.46,331.86,68.08,333.25
LionTech,2024-04-28 07:07:23.423020,-172.921787,-44.663431,422704.573,33.036,31.306,29.616,993.08,0.02,0.034,0.018,333.23,40.095,1.089,-21.643,331.87,67.95,333.21
LionTech,2024-04-28 07:07:23.495495,-172.916471,-44.661161,422703.712,33.089,31.306,29.827,993.073,0.018,0.034,0.013,333.177,40.099,1.147,-22.362,331.88,67.93,333.14
LionTech,2024-04-28 07:07:23.562831,-172.911556,-44.659062,422702.915,33.462,31.302,29.521,993.068,0.018,0.033,0.011,333.11,40.532,0.794,-22.647,331.9,68.03,333.08
LionTech,2024-04-28 07:07:27.498725,-172.618491,-44.533203,422655.112,33.267,31.315,29.536,993.054,0.018,0.033,0.016,333.037,40.466,1.268,-22.803,331.9,67.88,333.0
LionTech,2024-04-28 07:07:27.569704,-172.613211,-44.530923,422654.245,33.178,31.321,28.499,993.057,0.02,0.033,0.012,332.955,40.196,1.518,-22.999,331.91,67.89,332.91
LionTech,2024-04-28 07:07:31.410359,-172.32873,-44.407368,422607.26,33.391,31.327,29.484,993.055,0.019,0.033,0.013,332.861,39.933,1.37,-22.855,331.9,67.94,332.82
LionTech,2024-04-28 07:07:31.484105,-172.323168,-44.404939,422606.335,33.107,31.327,29.597,993.054,0.019,0.033,0.01,332.775,39.772,1.123,-23.121,331.91,68.1,332.73
LionTech,2024-04-28 07:07:31.559381,-172.317678,-44.402541,422605.423,33.089,31.325,29.334,993.05,0.019,0.032,0.016,332.695,39.851,1.274,-22.724,331.89,68.07,332.66
LionTech,2024-04-28 07:07:31.629833,-172.312419,-44.400243,422604.548,33.427,31.327,29.444,993.054,0.02,0.033,0.01,332.608,39.989,1.234,-23.584,331.87,68.19,332.56
LionTech,2024-04-28 07:07:35.524564,-172.025151,-44.274033,422556.494,33.249,31.344,29.588,993.069,0.018,0.032,0.014,332.509,39.917,1.457,-23.36,331.94,68.17,332.46
LionTech,2024-04-28 07:07:35.596882,-172.019873,-44.271701,422555.606,33.142,31.335,28.572,993.075,0.018,0.033,0.015,332.416,40.073,1.527,-23.274,331.93,68.18,332.37
LionTech,2024-04-28 07:07:35.671747,-172.014456,-44.269307,422554.694,33.427,31.34,29.539,993.081,0.02,0.034,0.012,332.333,39.811,1.417,-22.803,331.92,68.21,332.3
LionTech,2024-04-28 07:07:39.568546,-171.728171,-44.1421,422506.203,33.409,31.348,30.081,993.06,0.019,0.032,0.013,332.264,39.741,1.601,-22.667,331.92,68.27,332.23
LionTech,2024-04-28 07:07:39.639719,-171.72313,-44.139847,422505.344,33.391,31.346,27.492,993.063,0.019,0.033,0.013,332.198,40.139,1.435,-22.798,331.94,68.32,332.17
LionTech,2024-04-28 07:07:39.711120,-171.718034,-44.13757,422504.476,33.516,31.352,29.478,993.06,0.019,0.035,0.013,332.134,39.956,1.309,-23.105,332.0,68.34,332.1
LionTech,2024-04-28 07:07:43.599610,-171.43396,-44.009926,422455.763,33.853,31.354,29.539,993.08,0.019,0.031,0.013,332.061,39.868,1.115,-23.683,331.96,68.31,332.02
LionTech,2024-04-28 07:07:43.669775,-171.42874,-44.007567,422454.862,33.853,31.367,29.539,993.077,0.018,0.032,0.014,331.981,39.833,1.725,-23.022,331.96,68.28,331.95
LionTech,2024-04-28 07:07:43.748021,-171.423132,-44.005034,422453.895,33.462,31.36,29.527,993.077,0.018,0.033,0.014,331.924,39.837,1.437,-22.517,331.98,68.22,331.9
LionTech,2024-04-28 07:07:47.635105,-171.140443,-43.876594,422404.824,33.445,31.369,29.726,993.035,0.019,0.032,0.011,331.872,39.876,1.266,-23.286,331.98,68.27,331.84
LionTech,2024-04-28 07:07:47.706379,-171.13522,-43.874208,422403.912,34.102,31.371,29.579,993.037,0.017,0.033,0.015,331.814,39.631,1.298,-22.803,332.03,68.22,331.79
LionTech,2024-04-28 07:07:47.781424,-171.12993,-43.871791,422402.988,34.067,31.375,29.429,993.046,0.018,0.031,0.013,331.762,39.867,1.419,-23.139,332.02,68.19,331.73
LionTech,2024-04-28 07:07:51.664192,-170.848853,-43.742673,422353.604,34.138,31.388,29.692,993.066,0.019,0.034,0.016,331.704,39.952,1.501,-23.354,332.03,68.12,331.67
LionTech,2024-04-28 07:07:51.731795,-170.843933,-43.7404,422352.734,33.498,31.381,30.114,993.075,0.018,0.034,0.016,331.639,39.789,1.135,-23.787,332.15,68.05,331.61
LionTech,2024-04-28 07:07:51.799722,-170.839024,-43.738133,422351.866,33.693,31.383,30.17,993.075,0.02,0.032,0.012,331.569,39.562,1.032,-23.937,332.06,68.07,331.53
LionTech,2024-04-28 07:07:55.705465,-170.557643,-43.607456,422301.834,33.249,31.402,29.447,993.065,0.02,0.034,0.011,331.486,39.9,1.082,-24.83,332.06,68.14,331.44
LionTech,2024-04-28 07:07:55.774215,-170.55275,-43.605172,422300.959,33.373,31.404,29.243,993.069,0.018,0.032,0.011,331.394,39.62,0.87,-24.422,332.07,68.19,331.35
LionTech,2024-04-28 07:07:55.846200,-170.547721,-43.602824,422300.059,33.498,31.396,29.809,993.068,0.02,0.032,0.014,331.317,39.518,0.95,-24.21,332.08,68.21,331.28
LionTech,2024-04-28 07:07:59.754835,-170.267394,-43.471215,422249.617,34.12,31.406,29.744,993.085,0.019,0.032,0.011,331.238,39.738,0.895,-24.732,332.08,68.21,331.2
LionTech,2024-04-28 07:07:59.829701,-170.262164,-43.468746,422248.671,34.067,31.413,29.487,993.086,0.02,0.034,0.014,331.155,39.499,1.179,-24.558,332.09,68.16,331.11
LionTech,2024-04-28 07:07:59.898969,-170.257099,-43.466355,422247.754,34.085,31.404,29.753,993.079,0.019,0.032,0.015,331.062,39.466,1.311,-24.94,332.1,68.15,331.01
LionTech,2024-04-28 07:08:03.850836,-169.975202,-43.332564,422196.425,34.191,31.419,30.001,993.054,0.019,0.032,0.012,330.968,39.56,1.357,-24.572,332.06,68.14,330.93
LionTech,2024-04-28 07:08:03.917773,-169.970431,-43.330288,422195.551,33.551,31.423,28.364,993.056,0.018,0.032,0.013,330.883,39.508,1.619,-24.536,332.13,68.16,330.84
LionTech,2024-04-28 07:08:07.827627,-169.692775,-43.197111,422144.408,33.978,31.438,29.75,993.066,0.018,0.034,0.013,330.799,39.428,1.626,-24.459,332.17,68.22,330.76
LionTech,2024-04-28 07:08:07.909217,-169.686959,-43.194306,422143.331,33.498,31.433,29.637,993.069,0.02,0.033,0.013,330.722,39.498,1.611,-24.286,332.13,68.23,330.69
LionTech,2024-04-28 07:08:07.976959,-169.682145,-43.191985,422142.439,33.213,31.431,29.264,993.068,0.019,0.033,0.012,330.651,39.39,1.482,-24.5,332.16,68.24,330.61
LionTech,2024-04-28 07:08:11.922746,-169.403354,-43.056825,422090.486,33.427,31.448,29.637,993.083,0.018,0.032,0.015,330.574,39.195,1.683,-24.621,332.21,68.16,330.53
LionTech,2024-04-28 07:08:11.993704,-169.398438,-43.054429,422089.564,33.284,31.454,29.622,993.09,0.02,0.033,0.015,330.486,39.329,1.732,-24.858,332.23,68.03,330.44
LionTech,2024-04-28 07:08:15.902581,-169.123393,-42.919691,422037.727,34.191,31.467,29.656,993.082,0.018,0.032,0.013,330.388,39.276,2.236,-25.225,332.23,68.06,330.33
LionTech,2024-04-28 07:08:15.973883,-169.118457,-42.91726,422036.791,33.533,31.458,30.469,993.077,0.018,0.033,0.014,330.283,39.326,2.015,-25.041,332.26,68.07,330.24
LionTech,2024-04-28 07:08:16.050691,-169.11297,-42.914558,422035.751,33.249,31.454,29.778,993.073,0.018,0.031,0.01,330.199,39.111,1.588,-24.598,332.25,68.13,330.17
LionTech,2024-04-28 07:08:20.053917,-168.832748,-42.77582,421982.327,33.267,31.475,29.509,993.091,0.019,0.033,0.014,330.126,38.762,1.302,-25.133,332.27,68.08,330.08
LionTech,2024-04-28 07:08:24.042218,-168.554916,-42.636849,421928.769,33.32,31.479,29.435,993.062,0.019,0.034,0.013,330.036,38.8,1.194,-25.703,332.33,68.05,329.99
LionTech,2024-04-28 07:08:24.133495,-168.548673,-42.63371,421927.558,33.32,31.494,30.066,993.058,0.018,0.033,0.013,329.929,38.633,1.376,-25.851,332.34,68.09,329.87
LionTech,2024-04-28 07:08:28.091679,-168.274096,-42.49494,421874.033,33.373,31.502,29.5,993.112,0.019,0.034,0.014,329.831,38.857,1.553,-25.104,332.31,68.04,329.79
LionTech,2024-04-28 07:08:28.167610,-168.268905,-42.492303,421873.016,33.516,31.494,29.435,993.109,0.019,0.032,0.014,329.758,38.81,1.876,-24.804,332.31,67.94,329.72
LionTech,2024-04-28 07:08:32.150999,-167.994069,-42.351976,421818.847,33.676,31.513,29.741,993.113,0.017,0.034,0.013,329.675,38.426,1.435,-25.862,332.35,67.97,329.63
LionTech,2024-04-28 07:08:32.221546,-167.989218,-42.349486,421817.886,33.533,31.502,29.252,993.101,0.018,0.032,0.012,329.58,38.465,1.323,-25.577,332.34,68.03,329.54
LionTech,2024-04-28 07:08:36.203755,-167.715573,-42.208341,421763.36,33.622,31.521,29.438,993.096,0.019,0.034,0.014,329.487,38.576,1.252,-26.329,332.32,67.98,329.43
LionTech,2024-04-28 07:08:36.277350,-167.710607,-42.205766,421762.365,33.391,31.525,29.744,993.094,0.017,0.033,0.014,329.386,38.529,1.159,-26.484,332.37,67.97,329.34
LionTech,2024-04-28 07:08:40.288222,-167.43648,-42.062932,421707.147,33.622,31.533,29.781,993.09,0.017,0.035,0.017,329.287,38.416,1.551,-26.354,332.48,67.95,329.23
LionTech,2024-04-28 07:08:44.352666,-167.160038,-41.91745,421650.866,33.391,31.546,29.454,993.098,0.017,0.033,0.012,329.177,38.608,2.147,-26.32,332.52,67.98,329.12
LionTech,2024-04-28 07:08:48.396613,-166.886437,-41.772024,421594.569,33.338,31.562,29.013,993.096,0.019,0.033,0.017,329.076,39.166,2.401,-26.267,332.52,67.89,329.03
LionTech,2024-04-28 07:08:52.450405,-166.613288,-41.625402,421537.773,34.298,31.579,30.264,993.101,0.02,0.033,0.014,328.987,39.264,1.996,-26.338,332.48,67.94,328.95
LionTech,2024-04-28 07:08:56.503029,-166.341572,-41.478115,421480.684,33.942,31.585,29.625,993.097,0.02,0.032,0.016,328.899,38.874,1.799,-26.669,332.44,67.9,328.85
LionTech,2024-04-28 07:09:00.547638,-166.071753,-41.330429,421423.408,33.445,31.604,29.631,993.094,0.019,0.034,0.014,328.81,38.642,1.352,-26.682,332.42,67.91,328.77
LionTech,2024-04-28 07:09:04.594193,-165.80307,-41.181943,421365.79,33.533,31.615,29.5,993.083,0.017,0.034,0.012,328.728,38.242,1.685,-26.275,332.45,67.95,328.68
LionTech,2024-04-28 07:09:08.633181,-165.536178,-41.033031,421307.977,33.782,31.635,29.882,993.106,0.019,0.033,0.011,328.619,38.549,1.895,-27.968,332.43,68.01,328.55
LionTech,2024-04-28 07:09:12.647978,-165.27205,-40.884262,421250.192,33.427,31.642,29.619,993.093,0.018,0.033,0.013,328.485,38.476,1.997,-27.332,332.44,68.19,328.43
LionTech,2024-04-28 07:09:16.673717,-165.008545,-40.734449,421191.974,33.782,31.66,29.353,993.091,0.018,0.032,0.013,328.375,38.628,1.909,-27.122,332.45,68.22,328.32
LionTech,2024-04-28 07:09:20.685460,-164.747164,-40.584455,421133.663,33.818,31.669,29.402,993.108,0.018,0.033,0.013,328.257,38.826,2.062,-27.978,332.43,68.24,328.19
LionTech,2024-04-28 07:09:24.697792,-164.487047,-40.433805,421075.073,33.711,31.679,29.377,993.078,0.018,0.033,0.013,328.13,38.364,2.025,-27.766,332.46,68.25,328.07
LionTech,2024-04-28 07:09:28.718240,-164.227534,-40.282123,421016.061,33.516,31.685,29.61,993.111,0.018,0.033,0.014,328.006,38.167,1.682,-28.155,332.47,68.19,327.94
LionTech,2024-04-28 07:09:32.743001,-163.969053,-40.129663,420956.726,33.711,31.704,29.711,993.128,0.019,0.034,0.014,327.871,38.134,1.776,-28.645,332.51,68.21,327.8
LionTech,2024-04-28 07:09:36.775430,-163.711415,-39.976317,420897.029,33.498,31.708,29.258,993.11,0.019,0.034,0.015,327.735,38.154,1.945,-28.236,332.55,68.15,327.67
LionTech,2024-04-28 07:09:40.780193,-163.45658,-39.823274,420837.434,34.529,31.731,29.591,993.097,0.02,0.033,0.014,327.599,38.099,1.674,-29.552,332.53,68.13,327.52
LionTech,2024-04-28 07:09:44.810799,-163.201289,-39.668585,420777.184,33.622,31.742,29.444,993.095,0.018,0.033,0.01,327.449,38.067,1.735,-28.931,332.52,68.22,327.38
LionTech,2024-04-28 07:09:48.842656,-162.947227,-39.513269,420716.677,34.245,31.748,29.322,993.112,0.019,0.033,0.017,327.325,38.127,1.775,-28.912,332.57,68.12,327.26
LionTech,2024-04-28 07:09:52.870460,-162.694686,-39.357518,420655.99,33.96,31.763,29.389,993.133,0.018,0.032,0.014,327.195,37.776,1.933,-28.861,332.62,68.08,327.13
LionTech,2024-04-28 07:09:56.864330,-162.445292,-39.202364,420595.528,33.925,31.777,29.331,993.111,0.019,0.033,0.013,327.063,37.533,1.952,-28.855,332.63,68.13,327.0
LionTech,2024-04-28 07:09:56.933246,-162.441108,-39.19975,420594.509,33.925,31.773,29.331,993.106,0.018,0.034,0.014,326.932,37.383,1.967,-28.634,332.64,68.12,326.87
LionTech,2024-04-28 07:10:00.909636,-162.194032,-39.044689,420534.076,33.711,31.783,29.386,993.154,0.019,0.034,0.014,326.809,37.515,1.919,-28.887,332.62,68.09,326.75
LionTech,2024-04-28 07:10:00.980744,-162.189639,-39.04192,420532.997,33.569,31.785,30.417,993.149,0.019,0.033,0.014,326.69,37.72,1.757,-28.951,332.62,68.12,326.63
LionTech,2024-04-28 07:10:04.940740,-161.944662,-38.886843,420472.552,34.476,31.796,29.567,993.134,0.019,0.032,0.012,326.568,37.894,1.707,-29.32,332.58,68.12,326.51
LionTech,2024-04-28 07:10:05.009984,-161.940461,-38.884172,420471.511,33.871,31.8,29.457,993.133,0.019,0.032,0.012,326.455,37.761,1.559,-29.299,332.58,68.22,326.4
LionTech,2024-04-28 07:10:08.959929,-161.697416,-38.728996,420411.026,33.889,31.806,29.775,993.145,0.019,0.034,0.012,326.343,37.64,2.042,-29.388,332.64,68.26,326.28
LionTech,2024-04-28 07:10:09.026770,-161.693302,-38.726359,420409.998,33.569,31.804,28.692,993.137,0.018,0.032,0.014,326.226,37.653,1.896,-29.095,332.64,68.26,326.18
LionTech,2024-04-28 07:10:12.961361,-161.452264,-38.571158,420349.501,33.978,31.829,29.402,993.129,0.018,0.034,0.012,326.117,37.686,1.916,-29.571,332.67,68.32,326.06
LionTech,2024-04-28 07:10:13.032424,-161.447917,-38.568347,420348.406,34.262,31.827,29.521,993.135,0.018,0.032,0.012,326.0,37.765,1.615,-29.908,332.59,68.37,325.95
LionTech,2024-04-28 07:10:16.967819,-161.207975,-38.412549,420287.678,34.191,31.842,29.493,993.159,0.02,0.031,0.011,325.887,37.517,1.992,-29.857,332.52,68.44,325.83
LionTech,2024-04-28 07:10:17.042307,-161.203426,-38.409583,420286.522,34.085,31.835,29.542,993.158,0.019,0.034,0.016,325.763,37.721,2.203,-29.996,332.5,68.43,325.71
LionTech,2024-04-28 07:10:20.968488,-160.965105,-38.253544,420225.703,33.569,31.86,29.368,993.165,0.019,0.032,0.012,325.647,37.575,2.313,-29.556,332.49,68.49,325.59
LionTech,2024-04-28 07:10:21.044087,-160.960576,-38.250566,420224.543,33.96,31.854,29.08,993.17,0.019,0.034,0.012,325.537,37.565,2.35,-29.432,332.53,68.52,325.48
LionTech,2024-04-28 07:10:24.975797,-160.723087,-38.093779,420163.438,33.889,31.875,29.347,993.174,0.019,0.036,0.016,325.427,37.557,2.481,-29.781,332.57,68.51,325.37
LionTech,2024-04-28 07:10:25.043362,-160.719062,-38.09111,420162.398,33.693,31.873,29.5,993.174,0.019,0.034,0.014,325.315,37.258,2.246,-29.473,332.55,68.55,325.27
LionTech,2024-04-28 07:10:25.120175,-160.714362,-38.087995,420161.183,33.96,31.865,29.668,993.175,0.018,0.032,0.013,325.214,37.305,2.014,-30.076,332.58,68.52,325.16
LionTech,2024-04-28 07:10:29.092328,-160.475537,-37.928995,420099.223,33.658,31.881,29.255,993.202,0.019,0.033,0.013,325.1,37.775,2.221,-30.72,332.55,68.55,325.04
LionTech,2024-04-28 07:10:29.161079,-160.471438,-37.926255,420098.155,34.582,31.879,29.444,993.201,0.019,0.034,0.013,324.985,37.686,2.257,-30.351,332.53,68.59,324.93
LionTech,2024-04-28 07:10:33.112729,-160.234974,-37.767529,420036.311,34.316,31.894,29.359,993.165,0.02,0.032,0.013,324.878,37.509,2.167,-30.33,332.49,68.63,324.83
LionTech,2024-04-28 07:10:33.187411,-160.230577,-37.764565,420035.156,33.942,31.896,28.652,993.165,0.019,0.033,0.014,324.769,37.353,2.173,-30.768,332.49,68.62,324.71
LionTech,2024-04-28 07:10:37.099269,-159.997477,-37.606824,419973.707,33.782,31.906,29.383,993.146,0.019,0.033,0.012,324.653,37.538,1.954,-30.925,332.51,68.69,324.6
LionTech,2024-04-28 07:10:37.178147,-159.992825,-37.603663,419972.476,34.031,31.902,28.68,993.148,0.019,0.034,0.014,324.547,37.326,2.18,-30.427,332.51,68.72,324.5
LionTech,2024-04-28 07:10:37.245331,-159.988808,-37.600933,419971.412,34.031,31.91,28.68,993.146,0.018,0.034,0.014,324.446,37.227,2.4,-30.344,332.52,68.72,324.4
LionTech,2024-04-28 07:10:41.222396,-159.753083,-37.4401,419908.771,34.013,31.915,29.298,993.151,0.018,0.034,0.014,324.35,37.212,2.223,-30.138,332.55,68.67,324.31
LionTech,2024-04-28 07:10:41.289444,-159.749058,-37.437342,419907.698,34.031,31.915,28.878,993.146,0.02,0.035,0.011,324.267,37.263,2.22,-29.925,332.53,68.73,324.23
LionTech,2024-04-28 07:10:45.230219,-159.516582,-37.277446,419845.438,34.654,31.919,29.392,993.147,0.019,0.033,0.011,324.18,37.094,2.399,-30.424,332.51,68.78,324.13
LionTech,2024-04-28 07:10:45.296904,-159.512613,-37.274705,419844.371,34.013,31.923,29.264,993.142,0.018,0.033,0.014,324.082,37.239,2.259,-30.823,332.54,68.77,324.03
LionTech,2024-04-28 07:10:49.225623,-159.281785,-37.114679,419782.077,33.8,31.935,29.224,993.171,0.019,0.033,0.012,323.974,37.173,2.471,-31.312,332.56,68.76,323.92
LionTech,2024-04-28 07:10:49.297270,-159.277596,-37.111763,419780.943,34.013,31.935,28.973,993.169,0.019,0.035,0.014,323.855,36.792,2.554,-31.208,332.61,68.79,323.8
LionTech,2024-04-28 07:10:53.183919,-159.050369,-36.952995,419719.158,33.711,31.944,29.307,993.181,0.019,0.034,0.013,323.731,36.762,2.685,-31.385,332.58,68.79,323.67
LionTech,2024-04-28 07:10:53.255325,-159.046171,-36.95005,419718.012,33.693,31.942,29.747,993.188,0.017,0.033,0.014,323.62,36.928,2.565,-30.987,332.63,68.74,323.57
LionTech,2024-04-28 07:10:53.324726,-159.042179,-36.947249,419716.923,34.12,31.946,29.451,993.188,0.02,0.032,0.011,323.515,36.752,2.637,-31.032,332.6,68.76,323.46
LionTech,2024-04-28 07:10:57.278166,-158.811988,-36.785129,419653.856,34.013,31.954,29.126,993.184,0.019,0.031,0.014,323.405,36.861,2.836,-31.238,332.55,68.72,323.35
LionTech,2024-04-28 07:10:57.347953,-158.807984,-36.782298,419652.755,34.013,31.958,29.353,993.185,0.018,0.034,0.015,323.309,37.028,2.636,-30.727,332.59,68.66,323.27
LionTech,2024-04-28 07:11:01.295007,-158.579314,-36.619987,419589.638,34.582,31.965,29.239,993.164,0.018,0.032,0.014,323.225,37.435,2.668,-31.35,332.56,68.64,323.18
LionTech,2024-04-28 07:11:01.373245,-158.574889,-36.616834,419588.412,34.049,31.96,29.35,993.167,0.02,0.034,0.01,323.139,37.195,2.798,-31.441,332.52,68.72,323.09
LionTech,2024-04-28 07:11:05.388004,-158.343305,-36.451165,419524.017,33.782,31.979,29.775,993.201,0.019,0.035,0.013,323.046,37.375,2.528,-31.965,332.54,68.76,323.0
LionTech,2024-04-28 07:11:12.005352,-157.963922,-36.176993,419417.511,34.476,31.998,28.973,993.162,0.019,0.034,0.013,322.945,37.452,2.398,-32.471,332.56,68.75,322.9
LionTech,2024-04-28 07:11:15.952607,-157.73898,-36.012798,419353.769,34.173,32.002,27.615,993.187,0.018,0.032,0.014,322.84,37.594,2.798,-32.956,332.55,68.75,322.78
LionTech,2024-04-28 07:11:16.031313,-157.73448,-36.0095,419352.489,34.654,32.004,29.319,993.189,0.018,0.032,0.011,322.721,37.076,3.132,-32.53,332.54,68.74,322.66
LionTech,2024-04-28 07:11:19.961032,-157.511559,-35.845547,419288.875,34.547,32.015,29.255,993.186,0.018,0.034,0.013,322.597,36.987,3.311,-32.384,332.57,68.76,322.54
LionTech,2024-04-28 07:11:20.040247,-157.507095,-35.842251,419287.597,34.067,32.015,29.068,993.182,0.019,0.034,0.015,322.48,36.737,3.405,-31.737,332.55,68.67,322.43
LionTech,2024-04-28 07:11:23.973418,-157.285016,-35.677691,419223.784,34.636,32.021,29.276,993.167,0.018,0.032,0.012,322.384,36.74,3.166,-31.686,332.48,68.7,322.34
LionTech,2024-04-28 07:11:24.044730,-157.280949,-35.674666,419222.611,34.138,32.029,29.05,993.174,0.019,0.034,0.013,322.289,36.65,3.122,-31.817,332.49,68.75,322.24
LionTech,2024-04-28 07:11:27.978564,-157.059829,-35.509596,419158.64,34.156,32.029,29.34,993.166,0.02,0.034,0.012,322.191,36.574,3.287,-32.029,332.47,68.77,322.14
LionTech,2024-04-28 07:11:28.049671,-157.055828,-35.506598,419157.478,34.102,32.035,28.361,993.165,0.018,0.033,0.016,322.088,36.663,3.19,-32.093,332.51,68.74,322.04
LionTech,2024-04-28 07:11:31.977800,-156.835958,-35.341248,419093.44,34.707,32.037,29.564,993.148,0.019,0.035,0.016,321.993,36.743,3.281,-32.107,332.55,68.71,321.95
LionTech,2024-04-28 07:11:32.053284,-156.831733,-35.338059,419092.205,34.173,32.05,29.206,993.148,0.019,0.032,0.012,321.901,36.77,3.257,-32.369,332.54,68.77,321.86
LionTech,2024-04-28 07:11:35.977024,-156.613151,-35.172472,419028.118,34.173,32.056,29.187,993.153,0.019,0.035,0.013,321.806,36.735,3.3,-32.489,332.6,68.81,321.76
LionTech,2024-04-28 07:11:36.045112,-156.609331,-35.169567,419026.994,33.96,32.058,29.145,993.155,0.019,0.033,0.013,321.712,36.768,3.381,-31.939,332.56,68.81,321.67
LionTech,2024-04-28 07:11:36.112849,-156.605584,-35.166718,419025.892,34.209,32.054,29.19,993.156,0.018,0.034,0.013,321.627,36.761,3.566,-32.128,332.58,68.73,321.58
LionTech,2024-04-28 07:11:40.069874,-156.386137,-34.999241,418961.121,34.156,32.065,29.172,993.175,0.019,0.033,0.012,321.542,36.634,3.431,-32.25,332.56,68.74,321.5
LionTech,2024-04-28 07:11:40.136555,-156.382393,-34.996374,418960.012,34.742,32.06,30.846,993.175,0.018,0.034,0.013,321.457,36.549,3.396,-32.332,332.55,68.74,321.41
LionTech,2024-04-28 07:11:44.095907,-156.163688,-34.828249,418895.039,34.476,32.071,29.258,993.148,0.019,0.033,0.012,321.369,36.549,3.328,-32.565,332.56,68.76,321.33
LionTech,2024-04-28 07:11:44.168443,-156.15973,-34.825195,418893.859,34.227,32.071,29.854,993.144,0.02,0.034,0.012,321.285,36.643,3.17,-32.556,332.57,68.78,321.25
LionTech,2024-04-28 07:11:48.151585,-155.940815,-34.655687,418828.403,34.173,32.083,29.145,993.171,0.018,0.033,0.012,321.204,36.736,3.158,-32.903,332.56,68.8,321.17
LionTech,2024-04-28 07:11:48.228670,-155.936524,-34.652353,418827.116,34.173,32.079,29.16,993.179,0.018,0.034,0.013,321.124,36.817,3.146,-32.803,332.67,68.79,321.09
LionTech,2024-04-28 07:11:52.195834,-155.719363,-34.482989,418761.77,33.978,32.094,29.142,993.148,0.019,0.033,0.014,321.058,36.98,2.849,-32.719,332.64,68.84,321.03
LionTech,2024-04-28 07:11:52.263891,-155.715753,-34.480163,418760.681,33.853,32.085,29.558,993.149,0.018,0.034,0.013,321.002,36.666,3.036,-32.641,332.63,68.87,320.97
LionTech,2024-04-28 07:11:56.241897,-155.498887,-34.30982,418695.014,33.889,32.094,29.463,993.175,0.02,0.035,0.013,320.934,36.607,3.012,-32.824,332.62,68.91,320.9
LionTech,2024-04-28 07:11:56.320974,-155.494637,-34.30647,418693.723,34.156,32.098,28.196,993.178,0.019,0.035,0.011,320.864,36.58,2.99,-32.702,332.66,68.97,320.83
LionTech,2024-04-28 07:12:00.308888,-155.278286,-34.135319,418627.804,33.925,32.121,29.071,993.159,0.018,0.033,0.012,320.79,36.829,3.01,-33.797,332.67,69.05,320.75
LionTech,2024-04-28 07:12:00.382625,-155.274269,-34.132129,418626.576,34.138,32.104,29.72,993.161,0.019,0.034,0.017,320.713,36.844,3.122,-33.371,332.75,68.95,320.68
LionTech,2024-04-28 07:12:04.365176,-155.059187,-33.960777,418560.643,33.925,32.125,28.995,993.168,0.017,0.034,0.013,320.64,36.977,2.935,-33.609,332.76,69.0,320.61
LionTech,2024-04-28 07:12:04.432220,-155.055494,-33.957824,418559.507,34.262,32.121,28.891,993.167,0.019,0.033,0.013,320.566,36.913,3.196,-33.75,332.77,69.0,320.53
LionTech,2024-04-28 07:12:08.382123,-154.8431,-33.787431,418494.006,33.836,32.123,29.246,993.161,0.017,0.033,0.012,320.482,36.731,3.441,-33.824,332.81,69.03,320.44
LionTech,2024-04-28 07:12:08.457213,-154.83914,-33.784243,418492.781,34.565,32.133,29.08,993.164,0.019,0.032,0.017,320.4,36.696,3.31,-33.353,332.83,68.89,320.37
LionTech,2024-04-28 07:12:12.345312,-154.630878,-33.616017,418428.178,34.245,32.14,29.194,993.164,0.018,0.035,0.016,320.338,36.694,3.132,-33.401,332.87,68.85,320.31
LionTech,2024-04-28 07:12:12.416614,-154.627026,-33.612895,418426.98,34.742,32.133,29.995,993.16,0.017,0.035,0.016,320.282,36.529,3.097,-33.431,332.92,68.91,320.25
LionTech,2024-04-28 07:12:12.492936,-154.623048,-33.60967,418425.742,34.387,32.131,29.255,993.158,0.018,0.035,0.011,320.218,36.487,3.059,-33.63,332.9,69.02,320.19
LionTech,2024-04-28 07:12:16.434799,-154.412859,-33.438711,418360.158,34.191,32.14,28.964,993.179,0.017,0.034,0.012,320.151,36.25,3.162,-33.596,332.94,69.05,320.12
LionTech,2024-04-28 07:12:16.508440,-154.408914,-33.435491,418358.924,33.925,32.148,29.246,993.184,0.018,0.035,0.013,320.08,36.343,3.196,-33.478,332.93,69.05,320.05
LionTech,2024-04-28 07:12:20.417537,-154.201417,-33.265576,418293.811,34.156,32.15,29.187,993.164,0.018,0.034,0.013,320.013,36.545,3.107,-34.018,332.98,69.01,319.98
LionTech,2024-04-28 07:12:20.483978,-154.197872,-33.262664,418292.695,33.996,32.156,29.096,993.166,0.018,0.033,0.013,319.95,36.375,3.01,-33.178,333.01,68.99,319.93
LionTech,2024-04-28 07:12:20.551338,-154.194312,-33.259738,418291.575,33.996,32.152,29.096,993.167,0.018,0.034,0.01,319.899,36.403,3.35,-33.163,333.04,69.1,319.87
LionTech,2024-04-28 07:12:24.491021,-153.986029,-33.088015,418225.844,33.925,32.165,29.138,993.175,0.017,0.032,0.016,319.847,36.255,3.504,-32.926,333.05,68.96,319.82
LionTech,2024-04-28 07:12:24.569356,-153.981877,-33.08458,418224.53,34.885,32.158,29.019,993.171,0.018,0.033,0.013,319.792,36.737,3.264,-33.54,333.04,69.01,319.77
LionTech,2024-04-28 07:12:28.447502,-153.777766,-32.915175,418159.76,34.298,32.158,29.041,993.152,0.019,0.035,0.015,319.741,36.757,3.436,-33.936,333.08,69.0,319.71
LionTech,2024-04-28 07:12:28.518907,-153.774091,-32.912115,418158.591,34.013,32.165,29.041,993.152,0.018,0.032,0.01,319.677,36.541,3.577,-33.942,333.06,69.14,319.64
LionTech,2024-04-28 07:12:28.585294,-153.770522,-32.909143,418157.455,34.102,32.173,29.163,993.15,0.02,0.031,0.013,319.61,36.705,3.422,-33.702,332.96,69.15,319.58
LionTech,2024-04-28 07:12:32.519948,-153.564319,-32.736853,418091.661,34.387,32.177,28.949,993.18,0.018,0.033,0.014,319.559,36.782,3.109,-34.116,332.99,69.14,319.53
LionTech,2024-04-28 07:12:32.587798,-153.560758,-32.733868,418090.522,35.027,32.175,29.138,993.181,0.019,0.034,0.015,319.508,36.868,3.091,-33.957,333.03,69.08,319.49
LionTech,2024-04-28 07:12:36.494035,-153.356881,-32.562403,418025.124,33.978,32.19,28.964,993.157,0.018,0.033,0.012,319.469,36.646,2.959,-33.873,333.01,69.09,319.45
LionTech,2024-04-28 07:12:36.568952,-153.353055,-32.559175,418023.893,33.96,32.19,28.894,993.159,0.02,0.036,0.011,319.427,36.441,3.286,-33.916,333.0,69.2,319.4
LionTech,2024-04-28 07:12:36.638624,-153.349352,-32.55605,418022.702,34.298,32.194,28.371,993.155,0.017,0.035,0.013,319.37,36.543,3.425,-33.911,333.04,69.19,319.35
LionTech,2024-04-28 07:12:40.581209,-153.144514,-32.38263,417956.643,34.422,32.2,28.875,993.173,0.018,0.031,0.011,319.312,36.176,3.592,-34.199,333.03,69.24,319.28
LionTech,2024-04-28 07:12:40.677048,-153.139573,-32.378434,417955.046,34.334,32.192,29.151,993.178,0.018,0.034,0.011,319.237,36.038,3.464,-34.467,333.05,69.35,319.2
LionTech,2024-04-28 07:12:44.572415,-152.937863,-32.20655,417889.657,34.369,32.204,29.053,993.149,0.018,0.034,0.012,319.15,35.966,3.831,-34.638,333.05,69.4,319.11
LionTech,2024-04-28 07:12:44.644467,-152.934258,-32.203469,417888.486,34.369,32.206,29.053,993.152,0.019,0.033,0.014,319.057,36.077,3.911,-34.746,333.01,69.45,319.01
LionTech,2024-04-28 07:12:44.712920,-152.930667,-32.200398,417887.319,34.138,32.204,29.738,993.154,0.019,0.036,0.012,318.968,36.079,3.993,-34.477,333.02,69.53,318.93
LionTech,2024-04-28 07:12:48.632545,-152.7286,-32.027087,417821.477,34.173,32.221,28.557,993.155,0.019,0.031,0.013,318.886,36.094,3.824,-34.454,332.95,69.48,318.85
LionTech,2024-04-28 07:12:48.711703,-152.724595,-32.023641,417820.169,34.351,32.217,29.255,993.151,0.018,0.034,0.008,318.811,36.078,3.977,-34.508,332.96,69.6,318.77
LionTech,2024-04-28 07:12:48.782570,-152.720954,-32.020508,417818.979,34.351,32.217,29.255,993.151,0.018,0.034,0.015,318.736,36.036,3.784,-34.561,332.93,69.52,318.7
LionTech,2024-04-28 07:12:53.029721,-152.502988,-31.832294,417747.581,34.227,32.217,28.982,993.175,0.019,0.033,0.011,318.656,36.153,3.519,-35.416,332.91,69.59,318.62
LionTech,2024-04-28 07:12:56.874155,-152.306607,-31.661631,417682.932,34.351,32.231,29.169,993.192,0.019,0.033,0.013,318.575,35.981,3.935,-34.874,332.89,69.6,318.53
LionTech,2024-04-28 07:12:56.940764,-152.303198,-31.658659,417681.807,34.102,32.229,28.747,993.191,0.017,0.033,0.014,318.496,35.977,3.887,-34.975,332.93,69.48,318.46
LionTech,2024-04-28 07:12:57.008098,-152.299762,-31.655663,417680.673,34.031,32.231,28.624,993.188,0.019,0.032,0.012,318.424,36.214,3.686,-34.873,332.92,69.5,318.4
LionTech,2024-04-28 07:12:57.082511,-152.295999,-31.652382,417679.431,34.369,32.217,29.111,993.188,0.018,0.033,0.012,318.363,36.002,3.588,-35.089,332.93,69.51,318.33
LionTech,2024-04-28 07:13:00.963691,-152.098489,-31.479637,417614.092,34.956,32.24,29.243,993.167,0.018,0.033,0.012,318.29,36.3,3.757,-35.934,332.94,69.52,318.25
LionTech,2024-04-28 07:13:01.041226,-152.094488,-31.476126,417612.765,34.707,32.24,29.031,993.168,0.02,0.032,0.011,318.211,36.047,3.876,-35.396,332.86,69.61,318.17
LionTech,2024-04-28 07:13:01.130187,-152.089908,-31.472108,417611.246,34.351,32.244,28.762,993.167,0.019,0.033,0.013,318.137,35.905,3.994,-34.901,332.87,69.58,318.11
LionTech,2024-04-28 07:13:05.090863,-151.889261,-31.295496,417544.547,34.369,32.244,29.022,993.181,0.019,0.034,0.012,318.075,35.887,4.042,-34.533,332.88,69.53,318.05
LionTech,2024-04-28 07:13:05.175533,-151.885066,-31.291792,417543.149,34.476,32.248,29.12,993.179,0.019,0.032,0.014,318.016,35.942,3.705,-35.185,332.9,69.43,317.99
LionTech,2024-04-28 07:13:09.002032,-151.691886,-31.120704,417478.634,34.494,32.254,29.053,993.169,0.018,0.034,0.012,317.96,36.128,3.733,-35.075,332.92,69.45,317.94
LionTech,2024-04-28 07:13:09.069877,-151.688474,-31.117673,417477.492,34.44,32.26,29.068,993.165,0.019,0.033,0.016,317.91,35.956,3.963,-34.779,332.95,69.39,317.89
LionTech,2024-04-28 07:13:09.141624,-151.68488,-31.114481,417476.289,34.44,32.254,29.068,993.163,0.019,0.032,0.012,317.853,35.847,4.247,-35.165,332.9,69.4,317.82
